{
	"Plane_x": 0.0,
	"Plane_y": 0.0,
	"Plane_z": 0.0,
	"Plane_nx": 0.0,
	"Plane_ny": 1.0,
	"Plane_nz": 0.0,
	"p2_start_x": -2.0,
	"p2_start_y": 0.0,
	"p2_start_z": 0.0,
	"p2_start_nx": 0.0,
	"p2_start_ny": 1.0,
	"p2_start_nz": 0.0,
	"p2_end_x": -1.0,
	"p2_end_y": 1.0,
	"p2_end_z": 1.0,
	"p2_end_nx": -1.5099580252808664e-07,
	"p2_end_ny": -7.549791547489804e-08,
	"p2_end_nz": -1.0,
	"p1_end_x": -2.980232238769531e-07,
	"p1_end_y": -0.9999998211860657,
	"p1_end_z": 1.0,
	"p1_end_nx": -1.5099580252808664e-07,
	"p1_end_ny": -1.0,
	"p1_end_nz": 0.0,
	"p1_start_x": -1.0000003576278687,
	"p1_start_y": -1.9999998807907104,
	"p1_start_z": 0.0,
	"p1_start_nx": 0.0,
	"p1_start_ny": 1.0,
	"p1_start_nz": 0.0
}
